benchmark_id,benchmark_name,mean_profit,profit_volatility,cvar_95,probability_of_loss,worst_5pct,n_seasons
B1_observed,Observed historical allocation,774.2096502478439,54.588308891640025,681.8939509848494,0.0,699.2670731520919,18.0
B2_profit_maximizer,Profit-maximizing independent farmer,5735.827618508504,249.43779493810405,5332.457912015759,0.0,5335.702857636775,18.0
B3_individual_diversified,Diversified independent farmer,2425.020647208154,119.09287716238221,2228.3272433074435,0.0,2229.082176477513,18.0
B4_local_cooperative,Local cooperative,2425.0206472081536,119.09287716238211,2228.327243307443,0.0,2229.082176477513,18.0
B5_regional_cooperative,Regional cooperative,2425.020647208154,119.09287716238212,2228.3272433074435,0.0,2229.082176477513,18.0
B6_national_cooperative,National cooperative benchmark,2425.020647208154,119.09287716238221,2228.3272433074435,0.0,2229.082176477513,18.0
