benchmark_a,benchmark_b,mean_diff,ci_lower,ci_upper,p_value,cohens_d,n_seasons,hypothesis
B4_local_cooperative,B2_profit_maximizer,-3310.80697130035,-3374.817242421251,-3251.6696669954467,2.9651436511534214e-25,-16.939304148153795,18,H1_local_vs_independent
B6_national_cooperative,B4_local_cooperative,2.7790115887506143e-13,5.0527483431829344e-14,4.800110926023788e-13,0.022926404959984107,3.818426103405159e-15,18,H2_national_vs_local
B5_regional_cooperative,B4_local_cooperative,1.0105496686365869e-13,-7.579122514774402e-14,2.7790115887506143e-13,0.2980207007542182,3.81842610340516e-15,18,H2_regional_vs_local
B3_individual_diversified,B2_profit_maximizer,-3310.8069713003497,-3374.817242421251,-3251.6696669954467,2.965143651153401e-25,-16.939304148153788,18,H1_diversified_vs_independent
